City,State
Austin,Texas
Oklahoma City,Oklahoma
Memphis,Tennessee
Fort Worth,Texas
Detroit,Michigan
Jacksonville,Florida
Tucson,Arizona
Colorado Springs,Colorado
San Jose,California
Los Angeles,California
Philadelphia,Pennsylvania
Houston,Texas
San Antonio,Texas
San Diego,California
Mesa,Arizona
Columbus,Ohio
Phoenix,Arizona
Kansas City,Missouri
Omaha,Nebraska
Charlotte,North Carolina
New York,New York
Raleigh,North Carolina
El Paso,Texas
Miami,Florida
Washington,District of Columbia
San Francisco,California
Boston,Massachusetts
Indianapolis,Indiana
Las Vegas,Nevada
Chicago,Illinois
Atlanta,Georgia
Denver,Colorado
Milwaukee,Wisconsin
Virginia Beach,Virginia
Baltimore,Maryland
Nashville,Tennessee
Seattle,Washington
Portland,Oregon
Louisville,Kentucky
Fresno,California
Sacramento,California
Dallas,Texas
Albuquerque,New Mexico
